{
  "canisters": {
    "LaunchpadManager": {
      "main": "./src/LaunchpadManager.mo",
      "type": "motoko"
    },
    "LaunchpadController": {
      "main": "./src/LaunchpadController.mo",
      "type": "motoko"
    },
    "LaunchpadStorage": {
      "main": "./src/LaunchpadStorage.mo",
      "type": "motoko"
    }
  },
  "defaults": {
    "build": {
      "packtool": "vessel sources"
    }
  },
  "dfx": "0.11.1",
  "networks": {
    "local": {
      "bind": "127.0.0.1:8000",
      "type": "ephemeral"
    }
  },
  "version": 1
}
